"uuid","name","number","city","state","obedience","createdAt","updatedAt"
"00e7162f-a4d2-4c92-a9fa-d395d24adc6d",Vale do Pirapitinga,"3094",Cumari,GO,GOB,"2025-08-20 14:42:43","2025-08-20 14:42:43"
"011cd92b-5006-45b5-8273-dab161a5ef79",Elias Gabriel,"2128",Goiânia,GO,GOB,"2025-08-20 14:42:42","2025-08-20 14:42:42"
"02e216a9-e150-4e1f-be24-84a385e4c2ea",Constelação,"141",Goiânia,GO,GLEG,"2025-08-20 14:42:48","2025-08-20 14:42:48"
"06fd833a-45a4-4de4-be14-fe27a2600177",Estrela de Luziânia,"1644",Luziania,GO,GOB,"2025-08-20 14:42:40","2025-08-20 14:42:40"
"07175282-8fdb-4c4e-8361-931934ba394b",Flor da Acácia Goiana,"1816",Goiânia,GO,GOB,"2025-08-20 14:42:40","2025-08-20 14:42:40"
"08be7ce9-006f-46f7-a899-86bf2c15e5ca",George Washington,"62",Campos Belos,GO,GLEG,"2025-08-20 14:42:46","2025-08-20 14:42:46"
"0b69691d-3a2a-4dc3-bbe0-8cb376c820a4",Lealdade e Fraternidade,"162",Goiânia,GO,GLEG,"2025-08-20 14:42:49","2025-08-20 14:42:49"
"0bce4517-b868-4107-8b36-8d0ed3d92110",Barnabé Soares da Silva,"2055",Rianápolis,GO,GOB,"2025-08-20 14:42:41","2025-08-20 14:42:41"
"0c3bf63f-5daf-4acb-9cd3-327c90397b01",Luz e Liberdade,"1191",Morrinhos,GO,GOB,"2025-08-20 14:42:39","2025-08-20 14:42:39"
"0ce0197b-9aa3-4026-ac3b-3888b1017b5d",Bandeirantes do Araguaia,"32",São Miguel Do Araguaia,GO,GLEG,"2025-08-20 14:42:45","2025-08-20 14:42:45"
"0d557da2-ffe5-4338-80a8-9c489e1b6475",A Sombra da Acácia,"1948",Goiânia,GO,GOB,"2025-08-20 14:42:41","2025-08-20 14:42:41"
"0e120d89-ebb5-41ca-840e-37d6a8dcd9bf",Joaquim Mesquita,"51",Goiânia,GO,GLEG,"2025-08-20 14:42:45","2025-08-20 14:42:45"
"0f3f73f9-721c-4584-9ddc-e386188193fa",Gonçalves Lêdo,"63",Edéia,GO,GLEG,"2025-08-20 14:42:46","2025-08-20 14:42:46"
"0f502a96-44e0-45c4-bf6d-31c1e3927ab5",União Parque Das Laranjeiras,"163",Goiânia,GO,GLEG,"2025-08-20 14:42:49","2025-08-20 14:42:49"
"0f708024-09f1-42ef-a100-bac1fa4c996f",Cavaleiros do Templo,"2664",Rio Verde,GO,GOB,"2025-08-20 14:42:42","2025-08-20 14:42:42"
"10b36d19-cf67-49ea-a320-f6c660ea1180",Paranaíba,"4",Itumbiara,GO,GLEG,"2025-08-20 14:42:44","2025-08-20 14:42:44"
"10e1b6f4-117a-49ab-ab71-9937c5ad61f8",Mahatma João Racy,"28",Goiânia,GO,GLEG,"2025-08-20 14:42:45","2025-08-20 14:42:45"
"121bed0c-282c-4927-8f42-a81d3d691e5c",Francis Bacon,"2610",Goiânia,GO,GOB,"2025-08-20 14:42:42","2025-08-20 14:42:42"
"131a35c0-c80b-4e17-af22-df04abad0efa",Delta do Araguaia,"111",Nova Crixás,GO,GLEG,"2025-08-20 14:42:47","2025-08-20 14:42:47"
"138d6fdf-6884-4ede-82db-065df3d0c5a8",João Racy,"1385",Guapó,GO,GOB,"2025-08-20 14:42:39","2025-08-20 14:42:39"
"14454223-8b3b-4aa8-b645-6cdab73618a1",São João da Escócia,"78",Abadiânia,GO,GLEG,"2025-08-20 14:42:46","2025-08-20 14:42:46"
"148df6bc-4a02-4b58-a220-6d3e9a814c75",Campo Formoso,"12",Orizona,GO,GLEG,"2025-08-20 14:42:44","2025-08-20 14:42:44"
"16c3b72d-1c95-4785-b7f2-9bfec3d375cd",Estrela Ocidental,"144",Cidade Ocidental,GO,GLEG,"2025-08-20 14:42:48","2025-08-20 14:42:48"
"17abfddb-8fe3-4698-9560-ffb3665bf11a",Flor de Lis,"29",Goiânia,GO,GLEG,"2025-08-20 14:42:45","2025-08-20 14:42:45"
"17ba1cb1-2be7-42e2-9ee3-f66adc1852ab",União de Ipora,"1372",Ipora,GO,GOB,"2025-08-20 14:42:39","2025-08-20 14:42:39"
"17d41a43-06a7-4e17-a5a3-925d7754c3a4",Azilo da Razão,"167",Goias,GO,GOB,"2025-08-20 14:42:38","2025-08-20 14:42:38"
"1884bb4c-6b01-4938-bd32-df77cef72e1a",Esperança Universal,"105",Goiatuba,GO,GLEG,"2025-08-20 14:42:47","2025-08-20 14:42:47"
"1ab5c3ef-2204-49ca-b927-deab40f2751f",Morro de São João,"158",Catalão,GO,GLEG,"2025-08-20 14:42:49","2025-08-20 14:42:49"
"1c40712d-3ad8-4dbd-ac41-aee05a9027ef",Luz e Virtude,"1325",Piracanjuba,GO,GOB,"2025-08-20 14:42:39","2025-08-20 14:42:39"
"1ccf0f04-102f-459c-a8ea-cc4e52cf237f",Otávio Balestra,"2084",Inhumas,GO,GOB,"2025-08-20 14:42:41","2025-08-20 14:42:41"
"1f8b3e0b-e1c5-4efe-8076-e587f72c70e6",Luz Corumbaibense,"1166",Corumbaiba,GO,GOB,"2025-08-20 14:42:39","2025-08-20 14:42:39"
"20c5b6c5-f0ae-4538-ba98-1c754b72b26e",União Itaberina,"106",Itaberaí,GO,GLEG,"2025-08-20 14:42:47","2025-08-20 14:42:47"
"20c90a91-a406-4fbf-ba40-3b2043e5d2f6",Estrela Sertaneja,"1232",Rialma,GO,GOB,"2025-08-20 14:42:39","2025-08-20 14:42:39"
"21925661-a560-4c7b-be35-18c31119bae0",Liberdade e Justiça de Itapaci,"1617",Itapaci,GO,GOB,"2025-08-20 14:42:40","2025-08-20 14:42:40"
"2200ce41-8273-46e5-b9d1-aef9ed690140",Crepúsculo da Paz,"2068",Porangatu,GO,GOB,"2025-08-20 14:42:41","2025-08-20 14:42:41"
"22bd0b67-35fa-48f8-8740-620acf108218",Francisco Avelino de Araújo,"128",Vicentinópolis,GO,GLEG,"2025-08-20 14:42:48","2025-08-20 14:42:48"
"236af8da-1cc6-443f-951b-bac428196307",Luz e Verdade,"126",Indiara,GO,GLEG,"2025-08-20 14:42:48","2025-08-20 14:42:48"
"23e3952d-7978-43de-9b97-80ed376ce5d3",Estrela Universal,"35",Quirinópolis,GO,GLEG,"2025-08-20 14:42:45","2025-08-20 14:42:45"
"23e6135e-2c24-4c07-8cf8-af8b891346c8",União e Progresso,"1935",Goiânia,GO,GOB,"2025-08-20 14:42:41","2025-08-20 14:42:41"
"264a8a34-c82b-418c-b45e-f112993234fd","28 de Julho","13",Jataí,GO,GLEG,"2025-08-20 14:42:44","2025-08-20 14:42:44"
"27463da5-ed37-4aed-92fa-398ca948cd88",Sermão da Montanha,"66",Barro Alto,GO,GLEG,"2025-08-20 14:42:46","2025-08-20 14:42:46"
"284ae7b3-723e-442b-b45e-7ed6975d4679",Verdadeira Luz,"6",Rio Verde,GO,GLEG,"2025-08-20 14:42:44","2025-08-20 14:42:44"
"289f029f-8847-4134-ba44-7a333d405c4e",Educação e Moral,"8",Goiânia,GO,GLEG,"2025-08-20 14:42:44","2025-08-20 14:42:44"
"2a4c8a08-1abb-4d9a-a649-cd9a214a1227",União Belavistense,"4216",Bela Vista de Goiás,GO,GOB,"2025-08-20 14:42:44","2025-08-20 14:42:44"
"2c0839a6-0f57-431d-b58e-81cdd139c9cf",Athenas de Goiás,"173",Catalão,GO,GLEG,"2025-08-20 14:42:49","2025-08-20 14:42:49"
"2c429b2c-d4e1-4aac-acbf-fede6c9ca82f",Obreiros da Paz,"129",Goiânia,GO,GLEG,"2025-08-20 14:42:48","2025-08-20 14:42:48"
"2d592cf1-26b8-4b70-a536-b2c95174e1aa",Vale do Rio Quente,"114",Caldas Novas,GO,GLEG,"2025-08-20 14:42:47","2025-08-20 14:42:47"
"2d72cfb3-479a-4b11-a2a7-6feca119f1a7",Estrela dos Pirineus,"3046",Corumba,GO,GOB,"2025-08-20 14:42:43","2025-08-20 14:42:43"
"3150a463-d011-4917-928e-e24b0a0e8af8",Acácia do Cerrado,"3877",Aparecida de Goiânia,GO,GOB,"2025-08-20 14:42:43","2025-08-20 14:42:43"
"32a56231-58d9-47c9-af08-4f1942e97f53",Voluntários da Pátria,"3440",Goiânia,GO,GOB,"2025-08-20 14:42:43","2025-08-20 14:42:43"
"33e8f9a2-7efc-4f54-b756-50d799a90062",Professor João Menezes,"2034",Niquelândia,GO,GOB,"2025-08-20 14:42:41","2025-08-20 14:42:41"
"34a55dee-679e-4d0a-9ae1-b64248e76cc6",Gumercindo Manoel do Nascimento,"154",Goiânia,GO,GLEG,"2025-08-20 14:42:49","2025-08-20 14:42:49"
"34b895bc-cb38-42d0-8030-dd2a47d3ae28",Roosevelt,"1",Anápolis,GO,GLEG,"2025-08-20 14:42:44","2025-08-20 14:42:44"
"353df3ed-3c7d-4420-8079-c12868ec8a87",Luz No Horizonte,"2038",Goiânia,GO,GOB,"2025-08-20 14:42:41","2025-08-20 14:42:41"
"35ac1a4b-1ecc-488b-95d0-aa8a94a90529",Mensageiros da Paz,"1435",Goiânia,GO,GOB,"2025-08-20 14:42:40","2025-08-20 14:42:40"
"362e5d82-44fc-4dc7-ab6e-a0fd1aedc03a",União Feliz,"31",Goiânia,GO,GLEG,"2025-08-20 14:42:45","2025-08-20 14:42:45"
"36567066-7ed6-45ca-b760-c826b33ca851",A Estrita Observância,"4189",Goiânia,GO,GOB,"2025-08-20 14:42:43","2025-08-20 14:42:43"
"3659be47-63b4-4589-b9d2-d91b400ac669",Isis,"102",Luziânia,GO,GLEG,"2025-08-20 14:42:47","2025-08-20 14:42:47"
"37a5d77b-20f8-4e52-baf5-8215f57cc1af",Serrania Jaraguense,"1283",Jaragua,GO,GOB,"2025-08-20 14:42:39","2025-08-20 14:42:39"
"3aa9f9aa-7588-4dfd-a728-18ff02a7e858",União e Fraternidade,"123",Goiânia,GO,GLEG,"2025-08-20 14:42:48","2025-08-20 14:42:48"
"3baa897b-8478-4cd6-b466-15fde1cfc348",Estrela No Horizonte,"2575",Goiânia,GO,GOB,"2025-08-20 14:42:42","2025-08-20 14:42:42"
"3d02675f-fd20-482f-987a-6426bc28ac7b",Dr. Domingos Mendes da Silva,"2",Ceres,GO,GLEG,"2025-08-20 14:42:44","2025-08-20 14:42:44"
"3e65684c-7b60-4d36-8a7d-3f7eb0b6a0c1",José do Patrocínio,"148",Valparaíso De Goiás,GO,GLEG,"2025-08-20 14:42:49","2025-08-20 14:42:49"
"3ea8423b-4ad4-4cfb-8be3-95d2b188f0b7",Igualdade e União do Brasil,"2035",Acreúna,GO,GOB,"2025-08-20 14:42:41","2025-08-20 14:42:41"
"400ac76b-6663-4a33-ad3e-f3a4ee24db45",Nilson Alves Garcia,"2033",Goiânia,GO,GOB,"2025-08-20 14:42:41","2025-08-20 14:42:41"
"4262de18-4ba8-43e4-ae48-4eba09049ad6",Fraternidade Vale do São Patrício,"113",Goianésia,GO,GLEG,"2025-08-20 14:42:47","2025-08-20 14:42:47"
"4275a5fd-5c75-40f1-b8c6-e40da74554ae",Arte Real,"2560",Goiânia,GO,GOB,"2025-08-20 14:42:42","2025-08-20 14:42:42"
"4289924f-a753-4ca4-836c-4002ffcccd44",Asilo da Acácia,"1248",Goiânia,GO,GOB,"2025-08-20 14:42:39","2025-08-20 14:42:39"
"43ea2ff8-e91a-435d-865c-56dbb8c6f944",Narceu de Almeida,"2009",Itauçu,GO,GOB,"2025-08-20 14:42:41","2025-08-20 14:42:41"
"44dd92f3-69dc-400f-9ca3-ebd7d6d19d05",João do Lago Nogueira Paranagua,"2056",Goiânia,GO,GOB,"2025-08-20 14:42:41","2025-08-20 14:42:41"
"45814f1f-45c3-4a36-937c-87518ee37c8b",Aurora de Goiás,"1393",Goiânia,GO,GOB,"2025-08-20 14:42:40","2025-08-20 14:42:40"
"464902f7-28cb-470c-8589-d5fe72a83f4a",Asilo da Liberdade,"1801",Anicuns,GO,GOB,"2025-08-20 14:42:40","2025-08-20 14:42:40"
"467b20f2-fae0-49c1-b38f-5c6adf6a651c",Pérola do Sul,"48",Bela Vista De Goiás,GO,GLEG,"2025-08-20 14:42:45","2025-08-20 14:42:45"
"4704e039-aaea-43d0-97de-fcdd3e293668",Acácia Cristalinense,"1233",Cristalina,GO,GOB,"2025-08-20 14:42:39","2025-08-20 14:42:39"
"484b10b5-34db-414a-a0b8-5cecda5038db",Caridade e Justiça de Porangatu,"1659",Porangatu,GO,GOB,"2025-08-20 14:42:40","2025-08-20 14:42:40"
"48c67664-5fa8-442f-95b8-103ccde402db",Vale do Planalto,"91",Goiânia,GO,GLEG,"2025-08-20 14:42:47","2025-08-20 14:42:47"
"490b36f1-6eb1-401a-84ee-1b4830fa3297",Cavaleiros da Ordem do Templo,"85",Goiânia,GO,GLEG,"2025-08-20 14:42:46","2025-08-20 14:42:46"
"49778743-9779-4c65-836d-0abf2a6a4f03",Milton Finotti,"152",Goiânia,GO,GLEG,"2025-08-20 14:42:49","2025-08-20 14:42:49"
"49af676f-0b0a-4e12-855e-594bf67ab3b8",Vale do São Patrício,"1334",Ceres,GO,GOB,"2025-08-20 14:42:39","2025-08-20 14:42:39"
"4a2b78e5-c4f1-436f-ada9-e12b2d51cb59",Winston Churchill,"2216",Anápolis,GO,GOB,"2025-08-20 14:42:42","2025-08-20 14:42:42"
"4d11f880-e4fb-4d60-9965-1c0b1433c212",Planalto do Bem,"1282",Firminópolis,GO,GOB,"2025-08-20 14:42:39","2025-08-20 14:42:39"
"4dad3dbd-fe31-4121-9bf5-7cc398dcbd52",Vicente Corrêa Marzagão,"65",Anicuns,GO,GLEG,"2025-08-20 14:42:46","2025-08-20 14:42:46"
"4e80dfe2-c5b6-4ebf-9994-3b2c95287afd",Quatro de Julho,"7",Uruaçu,GO,GLEG,"2025-08-20 14:42:44","2025-08-20 14:42:44"
"4f4d4269-d64e-48a8-9b22-cc079bbe8b34",José Muniz de Carvalho,"2238",Itapuranga,GO,GOB,"2025-08-20 14:42:42","2025-08-20 14:42:42"
"508f77bb-e638-466c-a767-54454d389858",Mestre Pythágoras,"127",Goiânia,GO,GLEG,"2025-08-20 14:42:48","2025-08-20 14:42:48"
"51a086b5-0334-4d1b-a6c4-9b9be9cbc52c",Moral e Cultura,"37",Porangatu,GO,GLEG,"2025-08-20 14:42:45","2025-08-20 14:42:45"
"51ea3de3-3dd0-40a0-9a7f-9f8818b15ff0",Entre Rios,"3190",Água Limpa,GO,GOB,"2025-08-20 14:42:43","2025-08-20 14:42:43"
"54237e9a-45c1-4438-8646-b962280aa820",Bandeirantes do Uru,"3",Uruana,GO,GLEG,"2025-08-20 14:42:44","2025-08-20 14:42:44"
"559955b4-bfe2-4651-954f-2183970fd188",Paz e Amor III,"923",Catalão,GO,GOB,"2025-08-20 14:42:38","2025-08-20 14:42:38"
"57c41352-1421-4e72-8e36-da29752fe4a5",Templários,"90",Anápolis,GO,GLEG,"2025-08-20 14:42:46","2025-08-20 14:42:46"
"583d7b03-40e5-4b25-8128-facace2fd6db",Estrela do Araguaia,"1770",São Miguel Araguaia,GO,GOB,"2025-08-20 14:42:40","2025-08-20 14:42:40"
"58b37c3a-0b2e-4405-8270-829346575741",Carlos Batista de Lacerda,"143",Sanclerlândia,GO,GLEG,"2025-08-20 14:42:48","2025-08-20 14:42:48"
"5af12f18-7a2f-4b57-91f5-cf30ec739d7b",Luz e Prudência,"1976",Goiânia,GO,GOB,"2025-08-20 14:42:41","2025-08-20 14:42:41"
"5b75bbdc-eb2f-4785-a0dc-032e3eb5fc75",Obreiros da Arte Real,"155",Goiânia,GO,GLEG,"2025-08-20 14:42:49","2025-08-20 14:42:49"
"5e6deac9-ae2e-4e6b-a558-e8f2a712434f",Carlos Antônio Paim,"136",Jaraguá,GO,GLEG,"2025-08-20 14:42:48","2025-08-20 14:42:48"
"627d5d1d-b612-4429-923f-c54d49cabe63",Força e União,"120",Goiânia,GO,GLEG,"2025-08-20 14:42:47","2025-08-20 14:42:47"
"6382dda5-aa38-41e3-b039-c82275da3968",Guimarães Natal,"1946",Goiânia,GO,GOB,"2025-08-20 14:42:41","2025-08-20 14:42:41"
"65ad2828-3cf7-43db-bdae-419044847da4",Minerva,"1805",Goiânia,GO,GOB,"2025-08-20 14:42:40","2025-08-20 14:42:40"
"65ee5af1-6eee-4e2f-b7fe-08ab5d84a069",Cavaleiros da Esperança,"147",Goiânia,GO,GLEG,"2025-08-20 14:42:48","2025-08-20 14:42:48"
"662cb55d-15ca-428b-8c36-050041785e42",Obreiros do Cerrado,"3789",Jatai,GO,GOB,"2025-08-20 14:42:43","2025-08-20 14:42:43"
"6641b03f-b1cc-41aa-aeb6-2b28abf6ac5c",Vale do Rio Vermelho,"55",Itapirapuã,GO,GLEG,"2025-08-20 14:42:46","2025-08-20 14:42:46"
"667e9c15-97f3-4d09-ba0e-33b8577f7948",União e Cultura,"139",Nazário,GO,GLEG,"2025-08-20 14:42:48","2025-08-20 14:42:48"
"67c1a487-cdb2-4ed6-a5b6-94335d763112",Moderna Olavo Bilac,"4027",Goiânia,GO,GOB,"2025-08-20 14:42:43","2025-08-20 14:42:43"
"69b0388c-b2c9-4cab-9b04-305857c3cf41",Alfredo Nasser,"2049",Jaragua,GO,GOB,"2025-08-20 14:42:41","2025-08-20 14:42:41"
"6a9362bc-0bf2-4874-bb8a-d633a51c0856",Comendador Daniel Correa Trindade,"47",Goiânia,GO,GLEG,"2025-08-20 14:42:45","2025-08-20 14:42:45"
"6b548198-d4a0-4b66-9689-007f1ea668a5",Estrella Rioverdense,"1139",Rio Verde,GO,GOB,"2025-08-20 14:42:38","2025-08-20 14:42:38"
"6b62e29a-ea9a-4fdc-b396-000209edce2c",Duque de Caxias,"52",Posse,GO,GLEG,"2025-08-20 14:42:45","2025-08-20 14:42:45"
"6dbb66b4-3606-4d34-b10c-ce0407b41ca3",Acácia Betaniense,"132",Britânia,GO,GLEG,"2025-08-20 14:42:48","2025-08-20 14:42:48"
"6ea7b114-59c1-4a3b-a0f1-5a1a00a2a2a4",Ita Universal,"34",Itaguaru,GO,GLEG,"2025-08-20 14:42:45","2025-08-20 14:42:45"
"6fe7179c-456d-455e-a17e-bbc2bbcdaa44",Thermas de Caldas,"164",Caldas Novas,GO,GLEG,"2025-08-20 14:42:49","2025-08-20 14:42:49"
"701b7e6d-bdd6-478a-b358-3856be99c064",Fraternidade Acadêmica Prof. Álvaro Palmeira,"3776",Goiânia,GO,GOB,"2025-08-20 14:42:43","2025-08-20 14:42:43"
"707b0ae3-3351-4bba-8cbd-bce2f6018e74",Estrela de Araçu,"2080",Araçu,GO,GOB,"2025-08-20 14:42:41","2025-08-20 14:42:41"
"70d1885b-826d-4c44-afb7-80e99c754698",União e Concordia,"1128",Urutaí,GO,GOB,"2025-08-20 14:42:38","2025-08-20 14:42:38"
"70f731ef-1caf-4655-9d5d-60e3ff567383",Luz e Saber,"2380",Goiânia,GO,GOB,"2025-08-20 14:42:42","2025-08-20 14:42:42"
"71138605-4a84-460c-be7d-b001aadc804b",Guatimozim,"76",Joviânia,GO,GLEG,"2025-08-20 14:42:46","2025-08-20 14:42:46"
"7200cac1-0c67-4123-99dd-cb3c45cf9976",Obreiros da Arca Real,"2926",Goiânia,GO,GOB,"2025-08-20 14:42:42","2025-08-20 14:42:42"
"7222f244-81a9-4460-b1ee-c30f22748f20",Independência,"40",Anápolis,GO,GLEG,"2025-08-20 14:42:45","2025-08-20 14:42:45"
"7268d24b-f71f-4ed6-a8ed-c729bf11f45c",Universitária Filosofia e Cultura,"3814",Anápolis,GO,GOB,"2025-08-20 14:42:43","2025-08-20 14:42:43"
"73bab310-5e10-4e73-b90b-cb3d772dc84b",João Braz,"1116",Trindade,GO,GOB,"2025-08-20 14:42:38","2025-08-20 14:42:38"
"73f2333d-5976-469b-8805-805fe5cf5801",Fraternidade de Goiânia,"97",Goiânia,GO,GLEG,"2025-08-20 14:42:47","2025-08-20 14:42:47"
"74e3bddb-1aef-415f-9e21-b92121a6978f",Quintino Bocaiúva,"77",Mozarlândia,GO,GLEG,"2025-08-20 14:42:46","2025-08-20 14:42:46"
"75833b5d-e491-4723-a66c-54bef3ed0fe5",Aurora de Caiapônia,"1876",Caiaponia,GO,GOB,"2025-08-20 14:42:40","2025-08-20 14:42:40"
"7672d351-7b0b-4dbe-a176-ab1b4e589b1d",União de Paranaiguara,"36",Paranaiguara,GO,GLEG,"2025-08-20 14:42:45","2025-08-20 14:42:45"
"76e77bef-99a7-4c20-b308-2714133c0af1",União e Sigilo,"2320",Fazenda Nova,GO,GOB,"2025-08-20 14:42:42","2025-08-20 14:42:42"
"77217163-d9b0-495d-8631-5032a593d362",Olímpio de Miranda,"2957",Ouvidor,GO,GOB,"2025-08-20 14:42:43","2025-08-20 14:42:43"
"77e9265b-a18f-4bdb-9dd6-83acbeea2870",Lealdade e Justiça,"1222",Anápolis,GO,GOB,"2025-08-20 14:42:39","2025-08-20 14:42:39"
"78a2c114-94ad-4aa2-832f-ef04982aeeb8",Reintegração e Concórdia,"57",Goiânia,GO,GLEG,"2025-08-20 14:42:46","2025-08-20 14:42:46"
"7a17cccb-3b59-4566-9575-1887bf5e8876",Brasiliana,"22",Minaçu,GO,GLEG,"2025-08-20 14:42:45","2025-08-20 14:42:45"
"7c7f7122-0657-4d1c-a518-83b05a34e3d9",Justiça e União,"2012",Bom Jesus de Goiás,GO,GOB,"2025-08-20 14:42:41","2025-08-20 14:42:41"
"7d02dca7-33ff-4f4f-a3af-7bcd6bc0c818",Dom Pedro I,"45",Mineiros,GO,GLEG,"2025-08-20 14:42:45","2025-08-20 14:42:45"
"7d7c6ebe-f0d6-47da-b30f-36045b0edb3c",Cruzeiro do Sul,"1715",Itumbiara,GO,GOB,"2025-08-20 14:42:40","2025-08-20 14:42:40"
"7df4aabe-9c03-4de2-bf70-39c7c965ca28",Cavalheiros da Harmonia,"41",Goiânia,GO,GLEG,"2025-08-20 14:42:45","2025-08-20 14:42:45"
"7e51ab59-5c34-4a7e-8876-42b6ed484599",Couto de Magalhães,"72",Aruanã,GO,GLEG,"2025-08-20 14:42:46","2025-08-20 14:42:46"
"7e6a1366-45f0-4419-b796-6b95c3cedb27",União Fraterna Anapolina,"4635",Anápolis,GO,GOB,"2025-08-20 14:42:44","2025-08-20 14:42:44"
"7e74779b-3171-4cae-a786-8f2a739a62eb",Eterna Vigilância,"104",Inhumas,GO,GLEG,"2025-08-20 14:42:47","2025-08-20 14:42:47"
"7e9d60ba-b1b7-4394-a4a8-14b28f17ba7b",Acácia Abadiense,"4570",Trindade,GO,GOB,"2025-08-20 14:42:44","2025-08-20 14:42:44"
"7fbdb152-9164-49e4-8327-581c35370eae",Harmonia e Concórdia,"165",Goiânia,GO,GLEG,"2025-08-20 14:42:49","2025-08-20 14:42:49"
"80c3d6cb-f6d5-4e07-bbab-7c63bf1dd2b7",Justiça e Caridade,"1293",Itumbiara,GO,GOB,"2025-08-20 14:42:39","2025-08-20 14:42:39"
"82e88a6a-8e3a-4225-9209-e9ce315460a9",Estrela Montebelense,"1590",S.Luis Montes Belos,GO,GOB,"2025-08-20 14:42:40","2025-08-20 14:42:40"
"838b90fd-7113-4ab4-942a-aba622ac767c",Paz e Amor IV,"948",Ipameri,GO,GOB,"2025-08-20 14:42:38","2025-08-20 14:42:38"
"863e713f-dc52-4b87-b3da-88055e79869f",Estrela Crixaense,"2047",Crixas,GO,GOB,"2025-08-20 14:42:41","2025-08-20 14:42:41"
"89a48224-ae26-466b-8da1-116b8efccb35",União e Liberdade,"1471",Formosa,GO,GOB,"2025-08-20 14:42:40","2025-08-20 14:42:40"
"8bc2df59-e493-40c8-b8f5-7bf8d56cbc4c",Trindade,"58",Trindade,GO,GLEG,"2025-08-20 14:42:46","2025-08-20 14:42:46"
"8c93c71e-fe4b-4431-94f7-1fbf4f6fe420",Estrela do Carmo,"2651",Carmo Rio Verde,GO,GOB,"2025-08-20 14:42:42","2025-08-20 14:42:42"
"8cd91efe-1ce5-4b01-8be9-cad852d0b6f9",Estrela do Oriente,"1360",Goianesia,GO,GOB,"2025-08-20 14:42:39","2025-08-20 14:42:39"
"8d228129-c72d-4113-b1f2-c9c43cbcae0a",Alvorada Goiana,"1949",Goiânia,GO,GOB,"2025-08-20 14:42:41","2025-08-20 14:42:41"
"8e460f24-e7aa-420a-a181-85b82bd95aed",Oswaldo Jayme Ribeiro,"116",Goiânia,GO,GLEG,"2025-08-20 14:42:47","2025-08-20 14:42:47"
"8e48184b-6fd2-4703-b488-0a7f7a767b4e",Liberdade e União,"1158",Goiânia,GO,GOB,"2025-08-20 14:42:38","2025-08-20 14:42:38"
"8ef471bc-27bb-480d-833a-9244837f41d5",Mosaico,"172",Luziânia,GO,GLEG,"2025-08-20 14:42:49","2025-08-20 14:42:49"
"905fcc99-d926-4fa2-ab22-a43890e3cea9",Grão-Mestre Adolfo Ribeiro Valadares,"168",Palmeiras De Goiás,GO,GLEG,"2025-08-20 14:42:49","2025-08-20 14:42:49"
"9088524a-92c9-44fe-b770-25be240fe197",Segredo e União,"1189",Caldas Novas,GO,GOB,"2025-08-20 14:42:39","2025-08-20 14:42:39"
"92a14c06-97a7-494d-99d2-7c7a8e2e6b8c",Bartolomeu Bueno da Silva,"71",Goiânia,GO,GLEG,"2025-08-20 14:42:46","2025-08-20 14:42:46"
"941a28cd-85ee-4a02-8d06-b473c5163271",Segredo e Vigilância,"1676",Parauna,GO,GOB,"2025-08-20 14:42:40","2025-08-20 14:42:40"
"9493a976-ac98-4c92-93bd-a87f2dc97082",Vale do Rio dos Bois,"3699",Cezarina,GO,GOB,"2025-08-20 14:42:43","2025-08-20 14:42:43"
"951dd1bb-74da-433e-948b-401b0e354d3f",Paz Universal,"17",Goiânia,GO,GLEG,"2025-08-20 14:42:44","2025-08-20 14:42:44"
"96387b81-e16b-4a66-8346-df63f8cb7bf7",Mensageiros da Luz Celestial,"4374",Goiânia,GO,GOB,"2025-08-20 14:42:44","2025-08-20 14:42:44"
"96b948a0-e511-47f6-ba09-bc4ccab91452",Vale Das Orquídeas,"133",Piracanjuba,GO,GLEG,"2025-08-20 14:42:48","2025-08-20 14:42:48"
"972c1d3c-ea8d-4a59-b621-f808dc323798",Aprendizes da Verdade,"98",Goiânia,GO,GLEG,"2025-08-20 14:42:47","2025-08-20 14:42:47"
"98737127-9f8d-4ba0-b27e-37ecaf700daf",Ordem e União,"3191",Goiânia,GO,GOB,"2025-08-20 14:42:43","2025-08-20 14:42:43"
"99b107db-dfc6-4ef5-accb-80b60858c040",Lafayette Teixeira França,"56",São Simão,GO,GLEG,"2025-08-20 14:42:46","2025-08-20 14:42:46"
"99b401e0-2be5-4257-8f55-519397366553",Portal de Aquário,"2983",Alto Paraiso,GO,GOB,"2025-08-20 14:42:43","2025-08-20 14:42:43"
"9a998d41-c093-4bb9-970d-31db1cc4e3a5",Martinez de Pasqually,"4622",Goiânia,GO,GOB,"2025-08-20 14:42:44","2025-08-20 14:42:44"
"9ad56b23-c9d2-4b41-8447-aadb59e0ce7b",Pedro Nunes Ferreira,"124",Mossâmedes,GO,GLEG,"2025-08-20 14:42:48","2025-08-20 14:42:48"
"9af50088-f91a-4cd2-adab-d49eed805bd6",Vigilância e Fraternidade de Inhumas,"1160",Inhumas,GO,GOB,"2025-08-20 14:42:39","2025-08-20 14:42:39"
"9b781499-c718-4cb5-8cb5-3936a350703a",Cavaleiros da Arte Real Anapolina,"3138",Anápolis,GO,GOB,"2025-08-20 14:42:43","2025-08-20 14:42:43"
"9f57cfb2-4da2-4989-bbdc-38e21dd8c46b",Arca da Aliança,"107",Aragoiânia,GO,GLEG,"2025-08-20 14:42:47","2025-08-20 14:42:47"
"9ffa2697-46aa-43f4-b710-b74eca8dd92b",Manoel Guilhermino Dos Santos,"161",Goiânia,GO,GLEG,"2025-08-20 14:42:49","2025-08-20 14:42:49"
a07d1c28-5100-4f14-b743-8836742cf2a7,Monte Sinai,"2064",Quirinópolis,GO,GOB,"2025-08-20 14:42:41","2025-08-20 14:42:41"
a11dd1ee-1aeb-48dc-b6ad-e8ca22a71ae9,Fraterna União,"1615",Goiatuba,GO,GOB,"2025-08-20 14:42:40","2025-08-20 14:42:40"
a2a4a8d9-5dba-4d40-849a-515aae3f76b7,Luz do Oriente,"82",Silvânia,GO,GLEG,"2025-08-20 14:42:46","2025-08-20 14:42:46"
a5b146a3-cb77-4fe1-bb28-60dc7486e24e,Acácia Brasiliense,"1183",Goiânia,GO,GOB,"2025-08-20 14:42:39","2025-08-20 14:42:39"
a753d94e-fbe9-4958-be98-d9f6a235c538,Vitória da Razão,"1188",Itaberai,GO,GOB,"2025-08-20 14:42:39","2025-08-20 14:42:39"
a7628a4a-bde6-44cf-a380-19a593568747,União Cidade Dos Pomares,"115",Morrinhos,GO,GLEG,"2025-08-20 14:42:47","2025-08-20 14:42:47"
a866f479-e56e-46aa-a57b-87e004d4236c,Agnor Lourenço Dias,"67",Mara Rosa,GO,GLEG,"2025-08-20 14:42:46","2025-08-20 14:42:46"
a96d05ea-36f1-4312-ae2e-34409979c89b,General Lauro Sodré,"1392",Uruana,GO,GOB,"2025-08-20 14:42:40","2025-08-20 14:42:40"
a9de4f50-982a-4602-bff5-dbe955258299,Luz da Cachoeira,"109",Cachoeira Dourada,GO,GLEG,"2025-08-20 14:42:47","2025-08-20 14:42:47"
ab4449a8-cdbf-4d97-882b-727b279bec9e,João Pedro Junqueira,"2181",Anápolis,GO,GOB,"2025-08-20 14:42:42","2025-08-20 14:42:42"
ac0ea55d-217c-4a04-b28d-240cd2f8ad0c,Mensageiros da Liberdade,"2513",Goiânia,GO,GOB,"2025-08-20 14:42:42","2025-08-20 14:42:42"
ad6bc581-6212-4df6-9645-85458c570e0f,Amor e Luz,"1159",Pires do Rio,GO,GOB,"2025-08-20 14:42:39","2025-08-20 14:42:39"
ae274929-120b-4afb-b356-3c0c7fbff6cc,Plenitude do Sigilo,"1920",Jussara,GO,GOB,"2025-08-20 14:42:40","2025-08-20 14:42:40"
af4ec674-9b54-441e-b785-7adc9ae9364d,Obreiros da Lei e da Verdade,"3438",Goiânia,GO,GOB,"2025-08-20 14:42:43","2025-08-20 14:42:43"
af5f47bd-f86a-4375-a42c-72fbeb715e71,União de Canaã,"2010",Goiânia,GO,GOB,"2025-08-20 14:42:41","2025-08-20 14:42:41"
b05fd894-fbad-42b3-a81a-4e61e8750346,Rubens de Oliveira Lopes,"89",Santa Terezinha De Goiás,GO,GLEG,"2025-08-20 14:42:46","2025-08-20 14:42:46"
b17b9837-64b3-4e02-b250-3a3c52c336d1,Adelino Ferreira Machado,"1957",Hidrolândia,GO,GOB,"2025-08-20 14:42:41","2025-08-20 14:42:41"
b26767a2-7841-4918-9389-98388e52649a,Estrela de Davi,"150",Goiânia,GO,GLEG,"2025-08-20 14:42:49","2025-08-20 14:42:49"
b3a48812-91da-4aa3-98c3-988eb5a08153,Harmonia e Verdade,"1793",Santa Helena de Goiás,GO,GOB,"2025-08-20 14:42:40","2025-08-20 14:42:40"
b412a08d-866b-4560-9ecc-5ca1a2ef8cd4,Estrela de Goiás,"49",Goiânia,GO,GLEG,"2025-08-20 14:42:45","2025-08-20 14:42:45"
b489e44a-7ecb-422d-a95b-a357f1e2d595,União e Harmonia Planaltinense,"3775",Planaltina,GO,GOB,"2025-08-20 14:42:43","2025-08-20 14:42:43"
b573d412-6eb8-401b-a50a-4e4900567f6f,Nerópolis,"4316",Neropólis,GO,GOB,"2025-08-20 14:42:44","2025-08-20 14:42:44"
b7f5b39e-752a-40b3-beb8-7325db47606b,Anhanguera,"14",Palmelo,GO,GLEG,"2025-08-20 14:42:44","2025-08-20 14:42:44"
b97f12b6-a2e0-44c6-930c-149f46f92f11,João Xxiii,"3192",Goiânia,GO,GOB,"2025-08-20 14:42:43","2025-08-20 14:42:43"
bcfc1df7-0d8f-4b71-8c51-f19f91d61ea1,Templarios do Bem,"1498",Rubiataba,GO,GOB,"2025-08-20 14:42:40","2025-08-20 14:42:40"
be489069-fbf3-400c-a7e8-15bce99219b4,"7 de Setembro","2126",Goiânia,GO,GOB,"2025-08-20 14:42:42","2025-08-20 14:42:42"
bf3e48e6-680c-4842-8abc-fab3dbbaef55,Urias de Oliveira Filho,"108",Goiânia,GO,GLEG,"2025-08-20 14:42:47","2025-08-20 14:42:47"
c0037135-db17-4861-b740-4a35e1156934,Fraternidade Formosense,"43",Formoso,GO,GLEG,"2025-08-20 14:42:45","2025-08-20 14:42:45"
c073e2a8-339c-42ef-afe6-fd5464148144,Capela Aparecidense,"2923",Aparecida de Goiânia,GO,GOB,"2025-08-20 14:42:42","2025-08-20 14:42:42"
c20e8aef-b1fb-4017-95f1-d8bb9b538558,Independência do Universo,"159",Goiânia,GO,GLEG,"2025-08-20 14:42:49","2025-08-20 14:42:49"
c2245be3-4037-4fa9-a31f-83fc1a4bb834,Vitalino Clemente Peixoto,"137",Trindade,GO,GLEG,"2025-08-20 14:42:48","2025-08-20 14:42:48"
c36628ca-283e-433c-bb36-164749b37b29,União e Justiça,"74",Goiás,GO,GLEG,"2025-08-20 14:42:46","2025-08-20 14:42:46"
c40b9da5-2df1-425f-a626-ce9e5d312198,Harmonia e Fraternidade,"2753",Formosa,GO,GOB,"2025-08-20 14:42:42","2025-08-20 14:42:42"
c41df04c-8e55-4227-854f-41ea29f1bfe7,Pedro Ludovico Teixeira,"94",Goiânia,GO,GLEG,"2025-08-20 14:42:47","2025-08-20 14:42:47"
c4210083-6a00-4ba1-8299-e9ff611e878d,Mensageiros da Arte Real,"3189",Aguas Lindas de Goiás,GO,GOB,"2025-08-20 14:42:43","2025-08-20 14:42:43"
c9494316-73bb-41ea-a6cc-070d034de5cb,Templários do Oriente,"3799",Goiânia,GO,GOB,"2025-08-20 14:42:43","2025-08-20 14:42:43"
c9cf9f6a-be29-49c9-8f9d-207672c41d78,"Luz, Amor e Vida","2079",Goiânia,GO,GOB,"2025-08-20 14:42:41","2025-08-20 14:42:41"
c9e08da2-bdaa-48a2-95e5-b812bf5bfd98,União do Horizonte,"119",Goiânia,GO,GLEG,"2025-08-20 14:42:47","2025-08-20 14:42:47"
cd1c0e25-dab4-44d6-b947-b42df345417d,Imperatriz,"15",Formosa,GO,GLEG,"2025-08-20 14:42:44","2025-08-20 14:42:44"
cdfc4392-f488-469d-a24f-7eb128e42b32,Acácia Campo Alegrense,"3203",Campo Alegre,GO,GOB,"2025-08-20 14:42:43","2025-08-20 14:42:43"
ce70b11c-6505-42f3-880d-9879a77a4269,Dimas Nasser,"2398",Bom Jardim de Goiás,GO,GOB,"2025-08-20 14:42:42","2025-08-20 14:42:42"
ceaba965-8e41-4c42-ba11-fc30d247a4e5,Marechal Deodoro,"46",Goiânia,GO,GLEG,"2025-08-20 14:42:45","2025-08-20 14:42:45"
cfd448e1-9705-45f1-bfed-49d20bf2fb24,João Guerra de Oliveira,"2154",Goiatuba,GO,GOB,"2025-08-20 14:42:42","2025-08-20 14:42:42"
cfe38ada-a1c0-4bb7-a8de-448dde9df46e,Mahatma Ghandi,"53",Itajá,GO,GLEG,"2025-08-20 14:42:45","2025-08-20 14:42:45"
d1180ab0-0d88-4b65-b8b2-9434632381a6,Vale do Tocantins,"1338",Uruaçu,GO,GOB,"2025-08-20 14:42:39","2025-08-20 14:42:39"
d1e077c9-4cfd-4d5e-95e7-22eef216b10d,Defensores da Ordem,"169",Goiânia,GO,GLEG,"2025-08-20 14:42:49","2025-08-20 14:42:49"
d3d48012-88eb-41f7-b0ce-c3912ba2b343,Obreiros de Amós,"145",Vianópolis,GO,GLEG,"2025-08-20 14:42:48","2025-08-20 14:42:48"
d4a6910e-d1f1-4470-8a70-090fa2ea1966,Loja de Pesquisas Maçônicas Brasil Central,"2676",Goiânia,GO,GOB,"2025-08-20 14:42:42","2025-08-20 14:42:42"
d54e9776-d6c2-4a54-a3b2-eb5a4b522720,Vasco Coutinho,"60",Jataí,GO,GLEG,"2025-08-20 14:42:46","2025-08-20 14:42:46"
d55da461-88ff-4c8f-aa73-6044b4a44b7f,Santos Reis Magos,"166",Nova Veneza,GO,GLEG,"2025-08-20 14:42:49","2025-08-20 14:42:49"
d57c230a-4e94-428e-acc0-c26f336943bc,Acadêmica Jair Assis Ribeiro,"4108",Goiânia,GO,GOB,"2025-08-20 14:42:43","2025-08-20 14:42:43"
d5b5c83d-1ec9-4857-a7fd-1e5e36f6403d,Asilo da Virtude,"1132",Goiandira,GO,GOB,"2025-08-20 14:42:38","2025-08-20 14:42:38"
d5e75efc-edea-4817-b99b-f7f9d43b8a1f,Vale do Araguaia,"112",Araguapaz,GO,GLEG,"2025-08-20 14:42:47","2025-08-20 14:42:47"
d6e71c6e-0acd-42b1-8df1-2fc146457f5a,União Fraternal,"5",Jandaia,GO,GLEG,"2025-08-20 14:42:44","2025-08-20 14:42:44"
d6e7cf22-b608-4b9e-b3a8-d26c2fd880c0,União e Justiça Anapolina,"1907",Anápolis,GO,GOB,"2025-08-20 14:42:40","2025-08-20 14:42:40"
d97da88b-361e-4d59-86eb-78858b4a6596,Ordem e Progresso,"1196",Goiânia,GO,GOB,"2025-08-20 14:42:39","2025-08-20 14:42:39"
d9e3226a-60e3-40ff-964d-93e350385714,Real Segredo,"134",Anápolis,GO,GLEG,"2025-08-20 14:42:48","2025-08-20 14:42:48"
da85507a-42d7-4f86-a829-573f5a43ddea,Vale do Rio Claro,"1992",Montes Claros,GO,GOB,"2025-08-20 14:42:41","2025-08-20 14:42:41"
dc87b606-bbb4-41a2-b2c6-88fd191484d4,Estrela Buritialegrense,"1359",Buriti Alegre,GO,GOB,"2025-08-20 14:42:39","2025-08-20 14:42:39"
e18697eb-4f22-4b71-9b6a-ddbb11548b63,Esperança de Goiás,"26",Goiânia,GO,GLEG,"2025-08-20 14:42:45","2025-08-20 14:42:45"
e2c61a88-bfe8-45ff-b255-303c70bbd943,Luz e Trabalho,"2206",Valparaíso de Goiás,GO,GOB,"2025-08-20 14:42:42","2025-08-20 14:42:42"
e3d97a00-a4cf-4fc0-92b3-e3e1d8049290,Nascente das Águas,"167",Cabeceiras,GO,GLEG,"2025-08-20 14:42:49","2025-08-20 14:42:49"
e49dcf85-f7ea-410a-890c-3f6e2d54a1a2,Alvorada de Aragarças,"1955",Aragarças,GO,GOB,"2025-08-20 14:42:41","2025-08-20 14:42:41"
e4c4b4a1-86b2-4b1e-8c7e-21f462f12b2a,Liberdade do Sudoeste,"2145",Jatai,GO,GOB,"2025-08-20 14:42:42","2025-08-20 14:42:42"
e759161c-9ca9-4276-b7e3-321192259612,Filhos da Justiça,"2284",Goiânia,GO,GOB,"2025-08-20 14:42:42","2025-08-20 14:42:42"
e801af99-0d30-4bcb-9306-701ff6f78e46,Sesquicentenário da Independência,"44",Caçu,GO,GLEG,"2025-08-20 14:42:45","2025-08-20 14:42:45"
ea3d5936-4e81-4731-be51-ec314bfd18cf,Fraternidade Meiapontense,"1236",Pirenopolis,GO,GOB,"2025-08-20 14:42:39","2025-08-20 14:42:39"
eaf07c59-f833-4ca3-929f-fa43b8a55b44,Construtores do Templo,"140",Anápolis,GO,GLEG,"2025-08-20 14:42:48","2025-08-20 14:42:48"
eb72a47f-7227-4e2c-b0c1-e60c571ea885,Moacyr Tavares Canto,"88",Nova Veneza,GO,GLEG,"2025-08-20 14:42:46","2025-08-20 14:42:46"
ebde9954-8847-4313-95da-9262fd035410,Estrela do Sudoeste,"1645",Paranaiguara,GO,GOB,"2025-08-20 14:42:40","2025-08-20 14:42:40"
ec22358e-095f-4ec5-bcbe-218b3591347d,Aparecida de Goiânia,"138",Aparecida De Goiânia,GO,GLEG,"2025-08-20 14:42:48","2025-08-20 14:42:48"
ee2bc04f-3e35-42c8-93c2-ab8768f8fd03,Justiça e Lealdade,"3441",Cidade Ocidental,GO,GOB,"2025-08-20 14:42:43","2025-08-20 14:42:43"
eead9f93-a30e-49da-adac-0cb04c55dc68,Adonhiram Primeira,"11",Goiânia,GO,GLEG,"2025-08-20 14:42:44","2025-08-20 14:42:44"
ef699d13-0f64-4756-ab2d-c91b23c68df3,Acácia Pontalinense,"38",Pontalina,GO,GLEG,"2025-08-20 14:42:45","2025-08-20 14:42:45"
f123dcdc-facb-4857-a790-16492b5693e6,Geraldo Ribeiro da Costa,"70",Petrolina De Goiás,GO,GLEG,"2025-08-20 14:42:46","2025-08-20 14:42:46"
f379d39c-ab59-412b-8230-a707fd898bc3,Cavaleiros de Aço,"4354",Goiânia,GO,GOB,"2025-08-20 14:42:44","2025-08-20 14:42:44"
f497d963-8627-46d7-9724-8a2f914f867c,Obreiros da Paz Ouroverdense,"2490",Ouro Verde,GO,GOB,"2025-08-20 14:42:42","2025-08-20 14:42:42"
f4d47706-b428-4208-918d-751cd9825190,Grão-Mestre Antônio Batista Xavier,"170",Goiânia,GO,GLEG,"2025-08-20 14:42:49","2025-08-20 14:42:49"
f62ad112-4cfc-4dbe-8373-69f0e54fb653,Brasil Central,"16",Leopoldo De Bulhões,GO,GLEG,"2025-08-20 14:42:44","2025-08-20 14:42:44"
f641504e-1eff-4902-b795-0d894a43b5b1,Vale do Bom Sucesso,"149",Senador Canedo,GO,GLEG,"2025-08-20 14:42:49","2025-08-20 14:42:49"
f6645c14-058e-4753-8d18-2edb1dac5bc4,União Santelenense,"100",Santa Helena De Goiás,GO,GLEG,"2025-08-20 14:42:47","2025-08-20 14:42:47"
f687a502-1f01-4048-82ef-ecddda1f9975,"Deus, Ordem e Progresso","1481",Palmeiras de Goiás,GO,GOB,"2025-08-20 14:42:40","2025-08-20 14:42:40"
f6b1ec02-cde0-41d3-b9e4-dae8948bdbfe,Acácia Amarela Anapolina,"4305",Anápolis,GO,GOB,"2025-08-20 14:42:44","2025-08-20 14:42:44"
f8b38de2-fca9-4499-a838-2a8a68b73421,Tubalcaim,"64",Goiânia,GO,GLEG,"2025-08-20 14:42:46","2025-08-20 14:42:46"
f968b763-bc07-453b-99e8-b8ebf616f8e4,Universitária Goiana,"4094",Goiânia,GO,GOB,"2025-08-20 14:42:43","2025-08-20 14:42:43"
fa2da1cc-f0c1-44b9-8e9f-79c1b9842d6f,O Valor da Verdade,"135",Mundo Novo,GO,GLEG,"2025-08-20 14:42:48","2025-08-20 14:42:48"
fa655f63-d79f-4908-a4c9-f57b501da703,"Trabalho, Cultura e Perfeição","1887",Aparecida de Goiânia,GO,GOB,"2025-08-20 14:42:40","2025-08-20 14:42:40"
fabb7bd0-4351-437b-93d8-49c29eba92c5,Paz e Trabalho,"86",Iporá,GO,GLEG,"2025-08-20 14:42:46","2025-08-20 14:42:46"
fba5f10a-5d87-49e0-a069-4150b7254baf,Aprendizes do Bem,"1940",Piranhas,GO,GOB,"2025-08-20 14:42:41","2025-08-20 14:42:41"
fc8a0b62-5567-4460-83a7-802eeae86755,Roteiro da Amizade,"1330",Neropólis,GO,GOB,"2025-08-20 14:42:39","2025-08-20 14:42:39"
fd2580e0-30a9-4857-b0bd-0374cb586ad5,Gênesis,"10",Pires Do Rio,GO,GLEG,"2025-08-20 14:42:44","2025-08-20 14:42:44"
fdede7b7-7896-467c-82f5-4e09127c6223,José Marcelino da Silva,"2217",Catalão,GO,GOB,"2025-08-20 14:42:42","2025-08-20 14:42:42"
ff1e1de0-6738-4c23-bde9-4bb2eb395e07,"21 de Abril","95",São Luís De Montes Belos,GO,GLEG,"2025-08-20 14:42:47","2025-08-20 14:42:47"
fff88bc0-31eb-4dd5-8813-195098a07601,Luz da Mantiqueira,"121",Niquelândia,GO,GLEG,"2025-08-20 14:42:48","2025-08-20 14:42:48"
